{"conversations":[{"dateTime":1525540854218,"text":"Testing the bar graph feature","topics":["Work"],"keywords":[{"time":385.214126635007,"used":327.15017310761783,"life":301.0328872392826,"work":283.3732277710489,"new":279.9439804597548,"man":278.9235867596945,"number":237.0214792601427,"form":235.50742571922507,"does":232.83728502857252,"world":228.04477621831535}]}]}