{"conversations":[{"dateTime":1525540854218,"text":"Testing the bar graph feature","topics":["Work"],"keywords":[{"time":385.214126635007,"used":327.15017310761783,"life":301.0328872392826,"work":283.3732277710489,"new":279.9439804597548,"man":278.9235867596945,"number":237.0214792601427,"form":235.50742571922507,"does":232.83728502857252,"world":228.04477621831535}]},{"dateTime":1525634327004,"text":"Hello my name is Allen","topics":["Ambiguous"],"keywords":[{"said":1538.5350915460117,"like":1022.7550373853143,"man":852.3921372487523,"time":729.3923667234681,"did":679.8886564714225,"just":644.4764043052204,"little":567.5286796018926,"know":542.5138196830347,"came":503.1830848182541,"don":482.7153853277853}]}]}